{"cameraMode":{"drawMode":0,"name":"Shaded","section":"Shading Mode"},"sceneLighting":true,"audioPlay":false,"sceneViewState":{"m_AlwaysRefresh":false,"showFog":true,"showSkybox":true,"showFlares":true,"showImageEffects":true,"showParticleSystems":true,"showVisualEffectGraphs":true,"m_FxEnabled":true},"in2DMode":false,"pivot":{"x":10.38638687133789,"y":1.8556671142578126,"z":-5.8280487060546879},"rotation":{"x":-0.021923160180449487,"y":0.6498538851737976,"z":-0.01868765614926815,"w":-0.7595817446708679},"size":0.8660253882408142,"orthographic":false}