{"cameraMode":{"drawMode":0,"name":"Shaded","section":"Shading Mode"},"sceneLighting":true,"audioPlay":false,"sceneViewState":{"m_AlwaysRefresh":false,"showFog":true,"showSkybox":true,"showFlares":true,"showImageEffects":true,"showParticleSystems":true,"showVisualEffectGraphs":true,"m_FxEnabled":true},"in2DMode":false,"pivot":{"x":0.8258827924728394,"y":1.0280591249465943,"z":-0.07595455646514893},"rotation":{"x":0.13821576535701753,"y":-0.8238097429275513,"z":0.22747042775154115,"w":0.5005472302436829},"size":3.567262887954712,"orthographic":false}