{"cameraMode":{"drawMode":0,"name":"Shaded","section":"Shading Mode"},"sceneLighting":true,"audioPlay":false,"sceneViewState":{"m_AlwaysRefresh":false,"showFog":true,"showSkybox":true,"showFlares":true,"showImageEffects":true,"showParticleSystems":true,"showVisualEffectGraphs":true,"m_FxEnabled":true},"in2DMode":false,"pivot":{"x":5.502999782562256,"y":2.783585548400879,"z":0.06307649612426758},"rotation":{"x":0.3632746636867523,"y":0.1480272114276886,"z":-0.05864318460226059,"w":0.9180412292480469},"size":2.5259251594543459,"orthographic":false}