{"cameraMode":{"drawMode":0,"name":"Shaded","section":"Shading Mode"},"sceneLighting":true,"audioPlay":false,"sceneViewState":{"m_AlwaysRefresh":false,"showFog":true,"showSkybox":true,"showFlares":true,"showImageEffects":true,"showParticleSystems":true,"showVisualEffectGraphs":true,"m_FxEnabled":true},"in2DMode":false,"pivot":{"x":1.1433253288269044,"y":1.4438703060150147,"z":-0.8707118034362793},"rotation":{"x":0.12740877270698548,"y":-0.7530178427696228,"z":0.15296360850334168,"w":0.6271991729736328},"size":1.4472953081130982,"orthographic":false}