{"cameraMode":{"drawMode":0,"name":"Shaded","section":"Shading Mode"},"sceneLighting":true,"audioPlay":false,"sceneViewState":{"m_AlwaysRefresh":false,"showFog":true,"showSkybox":true,"showFlares":true,"showImageEffects":true,"showParticleSystems":true,"showVisualEffectGraphs":true,"m_FxEnabled":true},"in2DMode":false,"pivot":{"x":-0.9321146011352539,"y":2.4969124794006349,"z":11.65223503112793},"rotation":{"x":0.005564319435507059,"y":0.965054452419281,"z":-0.26118382811546328,"w":0.020559677854180337},"size":15.790637969970704,"orthographic":false}