{"cameraMode":{"drawMode":0,"name":"Shaded","section":"Shading Mode"},"sceneLighting":true,"audioPlay":false,"sceneViewState":{"m_AlwaysRefresh":false,"showFog":true,"showSkybox":true,"showFlares":true,"showImageEffects":true,"showParticleSystems":true,"showVisualEffectGraphs":true,"m_FxEnabled":true},"in2DMode":false,"pivot":{"x":1.394698977470398,"y":1.9894461631774903,"z":-0.34558847546577456},"rotation":{"x":-0.057104840874671939,"y":0.7867400646209717,"z":-0.07362411171197891,"w":-0.6102139353752136},"size":4.992176055908203,"orthographic":false}